Hero,Role,Picks,Wins,Losses,WinRate%,Bans,BanRate%,Presence%,BlueW-L,RedW-L,BlueWR%,RedWR%
Nolan,Assassin,23,11,12,47.83,6,18.75,90.62,3-5,8-7,37.5,53.33
Hirara,Assassin,16,12,4,75,15,46.88,96.88,6-3,6-1,66.67,85.71
Aulus,Fighter,16,11,5,68.75,16,50,100,6-4,5-1,60,83.33
Eudora,Mage,16,10,6,62.5,7,21.88,71.88,2-2,8-4,50,66.67
Obsidia,Marksman,15,9,6,60,6,18.75,65.62,3-3,6-3,50,66.67
Esmeralda,Tank/Mage,14,7,7,50,8,25,68.75,4-3,3-4,57.14,42.86
Atlas,Tank,13,8,5,61.54,19,59.38,100,5-3,3-2,62.5,60
Minotaur,Tank/Support,13,8,5,61.54,13,40.62,81.25,4-3,4-2,57.14,66.67
Uranus,Tank,13,5,8,38.46,12,37.5,78.12,2-4,3-4,33.33,42.86
Zhuxin,Mage,12,6,6,50,3,9.38,46.88,3-4,3-2,42.86,60
Gloo,Tank,11,7,4,63.64,6,18.75,53.12,1-3,6-1,25,85.71
Paquito,Fighter/Assassin,11,5,6,45.45,13,40.62,75,1-3,4-3,25,57.14
Carmilla,Support/Tank,11,3,8,27.27,19,59.38,93.75,2-5,1-3,28.57,25
Belerick,Tank,9,2,7,22.22,4,12.5,40.62,2-2,0-5,50,0
Valentina,Mage,6,6,0,100,6,18.75,37.5,4-0,2-0,100,100